254	+what is cchaps	1
255	+what is centure	1
1724	< symbol	1
4288	How to have sex	1
7354	What is my ethnicity	1
9340	a mutation is	1
9351	a novel is a _____.	1
16453	amendment you can be who you are	1
27302	ash who is ash.	1
92357	churrascaria what is	1
114779	cymol what is	1
122126	define has	1
142802	diabetes what is	1
151608	dimitrov is from	1
157194	do impairment	1
157317	do it yourself carpentry	1
161233	do you smell	1
181036	epel what is	1
196232	government does do	1
198573	harissa what is it	1
201253	hepatologist what is it	1
201374	here lyrics	1
207567	how are marsh	1
215815	how did washington's	1
223417	how do you poison yourself	1
235523	how hot is it?	1
236447	how is coa	1
340101	how states are there	1
346531	how to but bulke	1
350305	how to cko	1
354311	how to delete a	1
355811	how to do cinevouchers	1
356168	how to do the spilts	1
356486	how to draw a s	1
383882	how to trickline	1
388711	how you describe yourself?	1
388892	howmanystagesofcancer	1
389736	hydralazine what is it	1
397933	ionizer what does it do	1
404659	is both an adjective	1
414723	is it tastes or taste?	1
417519	is matter	1
422479	is rez.a.word	1
425501	is tequila	1
430795	is vertical up and down	1
438294	leadership is __________.	1
439694	libmmd.dll what is	1
440465	lipophilic what is	1
489682	rocky where are they now	1
499368	slime what is it	1
509951	synonyms for to	1
536844	victims/witnesses	1
542038	waves waves waves waves	1
548859	what  is  translucent	1
548895	what  is opra	1
548916	what  is the meninges	1
549197	what a mammogram	1
549219	what a pathologist does	1
549235	what a pronoun	1
553232	what amalla?	1
554327	what are * called	1
554500	what are accommodation	1
554645	what are afterpains	1
554676	what are airpods	1
554827	what are amiibo for	1
554890	what are anchovies	1
555115	what are arteries?	1
555129	what are artichokes?	1
555359	what are ballas	1
555433	what are bats	1
555558	what are bifidobacterium	1
555563	what are bigos	1
555580	what are bindis	1
555590	what are biokinetics	1
555731	what are boils on	1
555972	what are caches	1
556159	what are casts	1
556328	what are centromeres	1
556585	what are cilium	1
556600	what are citation	1
556731	what are cockroaches	1
556779	what are collagens	1
556952	what are comps?	1
556988	what are conductors	1
557355	what are crumpets	1
557764	what are diplobacilli	1
557925	what are downbursts	1
558263	what are endotoxins?	1
558307	what are enzymes	1
558518	what are exons	1
558567	what are extremities	1
558596	what are factor	1
558759	what are fibroadenomas	1
559009	what are foragers	1
559230	what are gandules	1
559257	what are gbs	1
559354	what are ghb-	1
559671	what are grits?	1
559731	what are gyres?	1
559735	what are habitat	1
83	 you are so dutch means what	2
102	% saturation do calculation	2
214	+what can mirna be used for	2
220	+what do pathogic organisms do	2
244	+what is a lmu wall	2
317	+where is highlong park	2
370	. what is the institute for leaders?	2
409	.vbs what it mean	2
1288	3/5 of 60	2
1504	5% of 329300	2
1550	5k how long	2
1661	81 out of what is 27%	2
2216	Benefits of Adenoidectomy	2
2322	CAA definition	2
2773	Do I have any reminder for this week?	2
2942	Ewe/Doe definition	2
3399	How To Draw People	2
3537	How do you pronounce manna	2
3557	How do you spell Erleen	2
4131	How strong is dilaudid	2
4216	How to Smoke Roxicodone	2
4294	How to list of the sensors?	2
5040	Meaning of Saman	2
5260	Nba scores	2
5385	Onomake means what	2
5772	SOAPS definition	2
5923	Somnambulatory definition	2
6527	Types of Octopus	2
6734	Was Luke an Apostle	2
6858	What are some Weather Instruments	2
6863	What are subjunctive phones	2
7222	What is OMG orbit	2
7242	What is a Staffing Agency	2
7368	What is septic disease	2
7451	What is the capital of Qatar?	2
7595	What is the miricale that St.Anthony did	2
7902	What was ww1 cost	2
8477	Why do they have to be electric sheep	2
8642	____ segregation is legalized segregation	2
8756	______ are the spaces between nodes.	2
9281	a joule is equal to what	2
9335	a monopolist is a price	2
9671	aast mba	2
9769	abbreviation tsubasa	2
9806	abednego meaning	2
9849	abject defined	2
10018	abraided definition	2
10054	abscess symptoms	2
10222	accentuates definition	2
10312	accordian definition	2
10368	accosting definition	2
11280	adaptogen definition	2
11284	adau definition	2
12108	advisee definition	2
12262	aesthetic function	2
12340	affiliated definition	2
12370	affluent definition	2
12437	africa's population	2
12514	after donating blood what should you do	2
13476	age of aries	2
13671	age of exploration	2
13784	age of metternich	2
13932	age of variability	2
14247	age to be in casino	2
14890	airbender avatar	2
14912	airfoil definition	2
14963	airport outfit	2
15010	ake definition	2
15094	alaine meaning	2
15183	albeit means	2
15400	aleo definition	2
15499	alhe disease	2
15517	alice what does it mean	2
15687	allentown is in what county	2
15812	allopathic lesions	2
15815	allopurinol tablets	2
16017	alternator price	2
16019	alternator system	2
16096	alzheimer's meaning	2
16121	am i too young for perimenipause	2
16351	ambien what is it used for	2
16375	ambreco construction in	2
16399	amcobi payment	2
16407	amdocs crm	2
17006	amn symptoms	2
17010	amnesty don meaning	2
17430	amp definition	2
17442	amphidromic meaning	2
17512	amylase is secreted	2
17746	analects of confucius	2
17751	analiza justo	2
17772	analyst define	2
17793	anamosa is in what township	2
17872	ancestry of obama	2
17991	andre segura	2
18136	anemia that is terminal	2
18174	ange in canada	2
18190	angela inzerillo	2
18196	angella lapukeni	2
18612	annuity definition	2
2	 Androgen receptor define	3
58	 the knee is what type of joint 	3
71	 what nationality is the name Factor 	3
74	 where are protists most abundant in humans 	3
184	+is biology a social science	3
321	+where is your siatic nerve located	3
361	. irritability medical definition	3
401	.net culture code	3
537	1/2 cups in tbsp	3
548	10 am PST in AST	3
637	120000 jpy to usd	3
660	136 Bus Timetable	3
697	15 oz can in ml	3
729	17.7 pints to gallons	3
1112	21/2 percent of 4200	3
1297	300 canadian to usd	3
1350	37gram change to Oz.	3
1354	391dm = how many mm	3
1421	401k loan requirements	3
1531	5216 kg to lbs	3
1576	60x40 slab cost	3
1699	9000twd to us dollars	3
1998	Andongson name nationality	3
2042	Are Unicorns Real Animals	3
2057	Arlena name meaning	3
2166	BLESSED BE your name lyrics	3
2262	Bone ends definition	3
2388	Can You Snort Diazepam 5mg	3
2638	DOES EUCLID HAVE COMPUTER ORDINANCES	3
2739	Difference Between Synthroid and Levothyroxine	3
2758	Discuss on how to use other selectors	3
2798	Does Suddenlink Carry ESPN3	3
2828	Donuts Dunkin Calories	3
2936	Eurorack UB1202 Manual	3
3151	Ginevra name meaning	3
3171	Gopinath name pronunciation	3
3267	Hailey name meaning	3
3400	How Well Does Advertising Work	3
3461	How do I add fonts to my pc	3
3606	How far is the sea from wells	3
3663	How long do you vomit from the flu	3
4145	How to Cancel Rdio Account	3
4156	How to Delete Bing from Computer	3
4194	How to Measure Scope Height	3
4209	How to Remove Bing Searches	3
4218	How to Start a Thank You Letter	3
4275	How to estimate cost for gravel	3
4290	How to improve circulation to bones	3
4297	How to make a cardboard Prism	3
4301	How to make bootable windows	3
4308	How to move forward after a break up	3
4352	How to use a nice box?	3
4446	ITIL wiki definition	3
4449	Ice slicer weight	3
4578	Incubation period for gonorrhea	3
4615	Intangible drilling costs	3
4866	Lebanese potato recipe	3
4920	List of Travel Agencies	3
4935	Log Cabin Prices	3
4947	Ludacris Net Worth	3
4969	MEANING OF FAIRGROUNG FREAK	3
4978	MRA Neck Symptoms	3
4979	MRIS what does TLA mean	3
4988	Mace name meaning	3
5124	Most Googled Items by State	3
5225	NON wat does it stand for	3
5420	P.I.D.meaning in medical terms	3
5461	Passive immunity can be obtained from	3
5541	Point Reyes weather	3
5618	Qld average rainfall	3
5656	Randall Delgado Girlfriend	3
5671	Recipe for Homemade Soap	3
5767	SIDE EEFECTS OF ROBAXIN	3
5793	Saint Martin the soldier why is he a saint	3
5858	Shirley maclaine 2015 where is she	3
5861	Should you drink water with the meal	3
5875	Significant places for huhindus	3
5904	Skyworth TV Price	3
6217	The hormone that does the opposite of calcitonin is	3
6357	The term that means childbirth is	3
6490	Translate Bedzie To English	3
6493	Translate zur To English	3
6526	Types of Kinetic Energy	3
6643	Vitamin for Tiredness and Fatigue	3
6660	WHAT COUNTY IS WINCHESTER, OH IN?	3
6787	What Does Fram PH2 Fit	3
6791	What Does Noel Mean in the Bible	3
6806	What Happened to Doo Dads	3
6945	What causes up Welling and down wedding	3
7107	What does the name Alicia mean	3
7123	What does the name Lara' mean	3
7125	What does the name Marley mean	3
7129	What does the name Pelier mean	3
7131	What does the name Roman mean	3
7223	What is Provisional appraiser License	3
7518	What is the direction of blood through the vessels	3
7582	What is the meaning of the name Mitchell	3
7692	What is the size of a cot bed?	3
7783	What other certifications do you need to be a pediatrician	3
7989	When is the Next Blue Moon	3
34	 guidelines for mothballing of process plants 	4
197	+micheal moore does he wear a wig	4
215	+what causes bacteria inflamation of face	4
232	+what happen when rome was invaded by germania	4
357	. difference between isometric & dynamic exercises	4
362	. what are the president's main duties? explain each	4
364	. what does the  c prefacing a date mean	4
427	02 Chevy 1500 Specs	4
579	100g chicken carb content	4
609	115 days until baby is due	4
628	12.25 mbps upload speed	4
682	14th amendment definition during police	4
782	1968 median income in the us	4
809	1995 silver eagle value	4
827	1st trust deed definition	4
846	2 liters is how many ounces	4
858	2(3b+1) answered?	4
916	2005 difference between camry and lexus	4
971	2014 lexus is 250 price	4
973	2014 rzr 1000 weight	4
981	2015 Federal Bank Holidays	4
1079	2016 monster jam lineup	4
1094	2016 wonderlic test, nfl	4
1111	21 jump street cast	4
1137	24 carat gold price	4
1156	250g of chicken is how much protein	4
1195	3 characteristics of protozoa replication	4
1231	3 other systems that work with the respiratory system	4
1262	3 types of minerals in food	4
1274	3 year aggregate definition	4
1325	323 area code zip code	4
1381	4 of wands as what someone thinks	4
1393	4,146.70+700+11900	4
1579	613 585 area code	4
1658	803 area code zip code	4
1676	877 area code map	4
1691	9 ways to improve your memory	4
1819	A person with a pH below 7.35 is considered to be in	4
1876	Abc family Tuesday schedule	4
1915	Adelles address in Wheaton, IL	4
2123	Average cost of a brokn leg	4
2235	Bethel University was founded in what year	4
2253	Blood cells are produced by _____, which is stored _____.	4
2493	Chili Lime Fish Recipe	4
2618	DIY How to Repaint Old Furniture	4
2716	Destiny Cheat Codes for Weapons	4
2742	Different Kinds of Edible Seaweed	4
2962	Explain what a bone scan is and what it is used for.	4
3014	Fifth Harmony - BOSS BOSS Lyrics	4
3025	Finicio what country does the name originate from	4
3080	Freedom of Religion Amendment Definition	4
3135	Gemini syndrome eternity lyrics	4
3150	Gibby Gibson net worth	4
3156	Glaucoma is a condition caused by quizlet	4
3268	Han name meaning chinese	4
3369	How Long is Shania Twain Concert	4
3372	How Many Android Devices Exist	4
3387	How Much is Blanket Jackson Worth	4
3467	How do I find out where a package is through the post office	4
3495	How do falling prices affect supply?	4
3621	How is the dutch presence known today	4
3722	How long does it take to boil an egg	4
3854	How many points do the presidential candidates have	4
3934	How much does a professional Drummer charge	4
3947	How much does academy pay in oklahoma	4
4115	How old is Andy beer sac	4
4151	How to Customize Themes in Windows 10	4
4212	How to Replace Battery in Car Remote	4
4268	How to cut tomatoes for a pasta salad	4
4302	How to make cheese feel better?	4
4326	How to repair electri lounge chair	4
4341	How to tell difference between l99 and ls3	4
4344	How to tell if your refrigerator compressor is not pumping	4
4386	I can choo choo choose to read the scriptures	4
4437	IRA Contributions Rules excessive	4
4442	IS HIPER II GPS OUTDATED	4
4444	IS NESPORIN GOOD SCALP BURNS	4
4563	In what country was Elizabeth was she became queen	4
4600	Information Technology Turnover Rates	4
4642	Is Cait Jenner Dating Candis	4
4696	Is the Louisiana sales tax 4.75	4
4724	JEFF DILYARD OHIO PHONE	4
4750	Jeopardy All Time Money Winner	4
4757	Joan Hackett Cause of Death	4
4769	John of England he did which of the following quizlet	4
4831	LIST OF COUNTRIES IN THE LATAM REGION	4
4903	List of Chemical Plants in boiser	4
4929	Live share price dlf	4
4934	Loess deposits are typically composed of	4
4980	MSCE Pune Scholarship Result	4
5009	Maricopa County Zoning Codes	4
5169	Moto X Bluetooth Setup	4
5200	N8 Bus Schedule Nice	4
5226	NSW Lottery Results Latest	4
5230	NYC PARKS SIC CODE	4
5245	Names of Three Dimensional Shapes	4
5333	Nutritional Value of Corn Flakes	4
5355	Oldest BBQ Restaurant in Texas	4
5436	PPI withdrawal symptoms dizzy	4
5443	Pakistani Currency Exchange Rates	4
28	 definition of Executive Officer defined by FRB 	5
106	'com multi unit' zoning definition	5
158	+how  to add differnt names on labels in word	5
222	+what does ca cells mean urine test	5
233	+what id justin bieber fav color	5
428	02 how long has my contract left to run	5
484	1 mile equals how many feet	5
506	1 to 1 1/8 shaft adapter ebay	5
514	1. define lymph and explain its function	5
584	104 bus time las Vegas	5
605	11050n autoranging multimeter how to change battery	5
726	17 nhl stars who fell from grace	5
801	1989 Corvette Blue Book Prices	5
810	1996 yamaha vmax 600 specs	5
852	2 teaspoons equals how many tablespoons	5
859	2,000,000 Swiss francs in GBP	5
899	2001vw 1.9 pump timing specs	5
900	2002 audi quattro gas mileage	5
917	2005 gmc yukon towing specifications	5
943	2007 va disability compensation rates	5
995	2015 average gas price in Nevada	5
1000	2015 blue jays best players	5
1014	2015 federal tax refund schedule	5
1021	2015 mississippi state football schedule	5
1038	2015 tax rates trust income	5
1051	2015-16 winter weather forecast	5
1073	2016 how long does the stomach bug last	5
1082	2016 outlook how to save view as default	5
1088	2016 sl550 roadster average cost	5
1091	2016 tn vols football schedule	5
1136	24 Hour eBay Phone Number	5
1157	25Kg BAG how much area will cover	5
1166	27000 annual salary per hour	5
1215	3 levels of government in canada and their responsibilities	5
1289	3/8 inch shank converted to mm	5
1310	30:1 ratio for 20 ounces	5
1424	401k roth qualified distribution rules	5
1447	48 hour holter monitor cost	5
1470	5 day weather forecast for york	5
1483	5 interesting things about chinua achebe	5
1697	90 ounces of water equals gallon	5
1831	A two year old goes to hospital	5
1842	AB positive autoimmune thyroid disease	5
1859	AIRLINES THAT FLY OUT OF RDU TO LAS VEGAS	5
1921	Advertising cost for opening day of a gym	5
1974	American Music Theatre 2015 Shows	5
2155	BATA SHARE DEPARTMENT CONTACT EMAIL	5
2215	Bellingham weather on August 1, 2015￼	5
2296	Brown Recluse Spider Bite Treatment	5
2305	Burj Al Arab Restaurant Prices	5
2423	Can you send certified USMail to a PO Box?	5
2429	Canned Peach Pie Filling Recipe	5
2619	DJ Paul Net Worth 2014	5
2645	DRBA David Hoppenjans contact information	5
2732	Did General custard wear a red bandanna	5
2835	Dr. Bhim Rao Ambedkar Result	5
2940	Everson WA Weather 10 Day	5
2972	Extending a line in word past bullets	5
3038	Flavones will turn red in the presence of an alkaline	5
3053	Foods to Feed A 10 Month Old	5
3114	Gaap on how long to keep records usa	5
3185	Greyhound bus schedules and ticket prices	5
3190	Guardian air conditioner unit prices	5
3207	HOW LONG DOES IT TAKE FOR TORN CARTLIDGE TO HEAL	5
3490	How do I thicken split pea soup in the rockpot	5
3513	How do you cook a pork joint in a Go chef	5
3521	How do you determine the age of inboard boat motor	5
3725	How long does it take to configure a zone transfer	5
3768	How long should cooked meatballs be reheated in a crock	5
3794	How many calories in a iced vanilla Americano	5
3879	How much IT is imported into Australia every year	5
4024	How much does the average american spend on fitness	5
4093	How much vitamin a/c is in an average banana	5
4116	How old is Coach Mike sure Jeske	5
4267	How to create or repair MBR in windows 10	5
4316	How to program wireless door on go control	5
4417	ICD 10 Cheat Code Printable	5
4671	Is apple pie more fattening or ice cream	5
4733	Jamie Lee Curtis Movie List	5
4784	KFC Fried Chicken Secret Recipe	5
4876	Lg firmware update how long does it take	5
4881	Like ethnicity and language, religion also is	5
4994	Maine Lobster Festival 2015 Dates	5
5328	Number One Cause of Death in America	5
5374	Once you take your dressing off your staples after surgery do you cover your staples	5
5449	Pangako Sa Iyo 2015 Cast	5
5457	Parvo distemper home tips cleaning	5
5496	Peter thomas roth customer service	5
5511	Photosynthetic protozoa that are motile by means of a flagellum	5
5634	RCA Gemstar Universal Remote Codes	5
5717	Rift how to get level 60 fast	5
5738	Rotator Cuff tears do they heal them shelves	5
5757	SAT and ACT test dates in FL	5
5765	SGOT normal range of 48 is good	5
5799	Samsung Galaxy Grand Prime Price	5
5844	Set Reminder sound on Windows 10	5
6031	Tacos Al Pastor Recipe Authentic Recipe	5
6159	The cells that secrete parathyroid hormone are called	5
6222	The inner lining of blood vessels is called	5
6266	The normal body temperature of a spider monkey is	5
128	) what other tissue(s) might harbor streptococcus pyogenes? coursehero	6
352	. What was the movement called humanism? How did it originate, and what were its main characteristics?	6
413	.what is not the purpose of configuration control when configuration management is applied in a project?	6
509	1 us dollar equals how many euros	6
555	10 factors responsible for depletion of water table	6
667	14 oct 2015 mlb playoff schedule	6
699	15 straight line depreciation for leasehold improvements	6
807	1993 penthouse mark whalberg net worth	6
854	2 year olds knee hurts when he is sick	6
884	20 oz Post raisin bran price	6
891	2000 volkswagon cabriolet gas mileage and teliability	6
949	2008 subaru feraster washer moter how to install	6
1007	2015 college half term holiday dates	6
1034	2015 per diem rates for truck drivers	6
1099	2017 college football semi finals schedule	6
1329	331.3.3 Explain how disability may affect development	6
1477	5 food you should never eat men's health	6
1479	5 foot 10 inches in meters and centimeters	6
1692	9. how do the semicircular canals and vestibular sacs work	6
1706	92154 zip code plus 4 digit code	6
1901	According to your text, possessing an accurate view of yourself is called:	6
1956	All of the following resulted from the civil rights movement except	6
2059	Army service corps division train organisation	6
2098	At what temperature should you remove the chuck burgers from the grill in restaurants	6
2569	Consumer protection disputing a charge how long does the merchant have?	6
2593	Cranial nerve number 7 is also known as the	6
2671	December 30 2015 power ball number	6
2930	Estimating the cost of desalination plants using a cost database	6
3120	Game of Thrones season 6 episode names	6
3188	Gross wage 1800 per week salary	6
3450	How did the G.I bill affect the future since the 1950s	6
3451	How did the Huang River civilization develop differently from other river valley civilizations	6
3470	How do I get my keys on my laptop to work to increase the sound?	6
3569	How does Macbeth behave during the banquet, and what is the end result of his actions?	6
3877	How many years was Everybody hates chris was on television	6
3899	How much do diapers cost per month 2016?	6
4124	How old is the girl that plays Michelle in full house	6
4270	How to deactivate automatic screen lock on windows 10	6
4394	I have a swollen ball in the socket where my wisdom tooth was pulled	6
4464	If a person’s body has a pH of 7.4, why does his or her DNA not denature?	6
4539	In facebook program, how to change settings from spanish to english?	6
4549	In the 1990s, NATO lost much of its former purpose and:	6
4985	MTV Real World 2016 Cast 31	6
5526	Pittsburg Kansas region is located in which of the 11 physiographic regions	6
5612	Putting multiple CPUs on a single chip is defined as	6
5632	R.A.D lyrics a-z chris webby	6
5925	Sony PS-LX300USB how to connect to pc	6
5958	State Farm telephone number Baltimore Pike State Farm	6
5966	Steven Sanders poem, you are men who in your lives fought for	6
6083	The Civil Rights movement was based on which type of power	6
6486	Train timetable Melbourne to Wagga fridays and Sundays	6
6652	W1282X is a ________ mutation, which produces a premature stop codon	6
6750	Weather Iowa City Iowa 10 Day Forecast	6
6950	What channel can I hear the Eagle game tonight on what channel on the radio	6
7093	What does the Seventh Day Adventist church say about tithing	6
7375	What is the DNA formed by combining the DNA from 2 different species	6
7417	What is the average lifespan of red blood cells?​ quizlet	6
7695	What is the social definition of grandparent ? How does raising grandchildren challenge this definition	6
7791	What percentage of salary and wages can be put into roth ira	6
7875	What was the congress of Vienna and how did conservatives attempt to restore power	6
7968	When did the earthquake hit San Francisco during the World Series	6
8043	Where can I get T206 baseball cards graded and what price	6
8099	Where does the water involved in melting at subduction zones come from?	6
8276	Which of the following is the layer of blood cells where the PCV is read?	6
8326	Which term means pertaining to red blood cells?	6
8330	Which term refers to the amount of deviation from a project plan?	6
8759	______ damages include damages for lost profits, as long as these damages are not too speculative	6
8937	_________ is the process of specifying (i.e., defining) what we mean by a term.	6
8992	__________ print film is the film of choice for most crime scene photography.	6
9046	______________ is the dimension of color that is determined by the wave length of light	6
9208	a developing testes secrete hormones that does what to female structures	6
9528	a(n) ________ is a chamber that isolates the subject from the external environment.	6
9711	abandonment defense aider and abettor - legal definition	6
9888	about how early should i arrive at bwi to catch my flight to florida	6
9976	about how much lehman college spend on their daycare center	6
9978	about how much money do you get from a food poison lawsuit	6
10212	accelerated stability equals to how many normal months	6
10337	according to kohlberg's theory the 4th stage of development is	6
11021	actress who plays jo wilson on grey's anatomy	6
11261	adap rules for dispensing fees at contract pharmacies	6
11359	add password to open word document 2010	6
11381	add your phone number to new york times	6
11520	address of ye old tavern in manchester vt	6
11523	address to a van michael salon in roswell ga	6
11721	admission cost to rock and roll hall of fame	6
11979	advantages and disadvantages of using the internet to screen before employment	6
12021	advantages of pentane for gas detecrion in methane service	6
12066	adverse effects and nursing consideration for antithyroid medications	6
12538	after giving declearation can i edit pgcet application form	6
12565	after how many years a report falls off my credit score	6
12575	after installing windows 10 from usb system reboot	6
12601	after planting peas how long before the break to top of ground	6
13187	age limit for claiming dependent medical expenses	6
13728	age of josephine marie wagaman york pa	6
14039	age related or secondary epilepsy usually presents at what age	6
14056	age requirement for a concealed hand gun in texas	6
14782	air canada flight schedule calgary to vancouver	6
14834	air force ww2 plane crew list	6
14949	airport code nas jrb fort worth	6
15063	alabama central credit union routing number	6
127	) what is the acceleration of the upper block? (indicate the direction with the sign of your answer.)	7
169	+how many calories does a person burn in five minutes of standing	7
327	, does vinegar and water help. remove coffee stains in blouses	7
829	1x8 block with a sticker grand prix what set does it belong	7
1267	3 ways a log can move when bucking on side hill	7
1517	50% of the amount exceed 40 times minimum wage	7
1522	5000 iu of vitamin d causes leg pain	7
1977	American slavery first began in which of the following centuries? quizlet	7
2362	CURRENt rate for a color and cut hairstyle in denver co	7
2407	Can you drive to Reserva Nacional Radal Siete Tazas from Santiago	7
2418	Can you place a house on HUD housing even if you still owe a mortgage	7
2616	DID the white fly flag half mast for whitney houston	7
2877	Early signs of alcohol abuse college students SAMHSA	7
3115	Gabon's largest river is the Ogooué. In which neighbouring country does this river originate?	7
3357	How Deming quality award is different than Malcom baldridge award and European quality award	7
3754	How long from the time you are exposed to influenza B do you get symptoms	7
4064	How much per hour does Bernie Sanders pay his staff?	7
4329	How to say im going on vacation next week in spanish	7
4398	I live in Florida and want to buy a car in Connecticut how do I register it	7
4520	In Tennessee how long before you can visit prison once you are no longer a corrections officer	7
4927	List two indicators that confirm that autism is an inherited disorder	7
5315	Non emergency police phone number Lincoln Nebraska	7
5320	Normal resting heart rate values for someone with T2DM	7
5325	Notice the differences between o'brien's home and winstons what does this signify	7
5373	Once it is determined a location was used to manufacture meth in NC, what is the procedure?	7
5520	Pierrot is a tragic clown character derived from European theater	7
5537	Please show where in Erfurt where the Culinary Olympics 2016 will be held	7
5559	Prader-Willi syndrome is usually caused by quizlet	7
5668	Reasons why the USSR was able to detonate the atomic bomb so soon	7
5699	Research on deindividuation suggests that when people are part of a crowd, they become	7
5961	Steinbock’s view of how sentience, desires and interests are related and then how harm is	7
6207	The first step in creating a personal plan for managing stress is to	7
6225	The invention of_________________ changed forever the way information could be transmitted	7
6482	Toyota tacoma pre runner vs Nissan frontier	7
7013	What does Jonathan suspect is in the bag the three wives are given in the courtyard?	7
7345	What is indicated by a clearing around bacterial growth in Tributyrin Agar?	7
7800	What products did Chinese people want to have in their country that we have in the United States	7
7856	What type of cloth should you use for fiberglassing a fishing boat floor	7
7921	What “homework” did James Madison do in preparation for the Philadelphia Convention? What were the consequences?	7
8431	Who wrote the Barry Manilow song looks like we made it 	7
8439	Why am I having numbness in my lower leg since I had a total hip replacement	7
8691	_____ is an organization that is mainly devoted to compensation and performance management programs.	7
8996	__________ releases electrons when struck by light photons and _________ releases electrons when struck by x rays.	7
9279	a is a group of similar organisms that can ate with each other and produce fertile offspring	7
9436	a rod shaped structure that forms when a single dna molecule	7
9693	aba number for educational community credit union michigan	7
10339	according to sagan why should we reject assurances that a nuclear war will not occur	7
11379	add windows update icon to desktop Windows 2012 r2	7
11554	adelanto california average land price per acre	7
11759	adobe reader dc for windows 10 offline installer	7
12741	age and weight requirements for children to sit in the front seat	7
16463	america 2016 election total result until 6 april 2016	7
16675	american family ins madison wi phone number	7
17165	amount of co2 in atmosphere 3 billion years ago	7
17258	amount of money spent per capita on education in dc	7
18010	andrew irving born 1852 died 1921 scotland	7
18100	ane computer solutions llc federal id number	7
18990	another way to form who is covered and coverage start date	7
19671	ao smith water heater company phone number	7
20337	approximately how many different genes can be found in a human cell?	7
20671	are a category of sugars that contain either one or two molecules	7
20680	are abd pads good secondary dressing for packed wounds	7
21335	are broker fees considered real estate cost of sale?	7
22633	are genetic traits that give an advantage to an individual and can be passed to off spring	7
23148	are ira distributions counted as social security disability income	7
23638	are metis income tax exemption now due to new ruling	7
23916	are non-government organisations non-corporate entities?	7
23959	are often the initial sign of a heat-related emergency.	7
24137	are passporys necessary foe sonestic travel out of new mexico	7
25582	are there any self checks someone could do to detect cervical cancer	7
25703	are there limitations for a jury trial in a criminal matter in the united states	7
26986	article review on steps needed to develop advertising program	7
27809	at how many weeks does a fetus start to move inside the womb?	7
28145	at what age do black footed ferrets take age of sexual maturity	7
28806	at what point can you get supplemental oxygen for night time use	7
29163	at which job does percy earn the greater hourly wage? how much does percy earn each hour at this job?	7
30261	average SQ ft price for land grading michigan	7
31297	average bank teller pay rate urbandale ia	7
32435	average cost for rain gutter installation in deland florida	7
32694	average cost of a dental exam and cleaning in cranbrook b.c.	7
32731	average cost of a full redo of house drain system	7
33198	average cost of building 2000 square foot home	7
33246	average cost of carpeting an 1800 square feet home	7
33312	average cost of college tuition per credit hour	7
33499	average cost of electrician service call canton, sd	7
33832	average cost of house siding per foot colorado	7
33895	average cost of ip phone service per use	7
34014	average cost of machinist specialist in san jose, ca	7
34026	average cost of marble countertops per square foot	7
34386	average cost of replacing a headliner in a 4 door sedan	7
34770	average cost per foot for a chain link fence	7
34803	average cost per minute charge for a call center	7
35070	average cost to convert evaporative cooler to refrigerated air	7
35335	average cost to paint walls per square foot of wall	7
35564	average cost to tent a home for termites in broward county	7
36264	average employee size of sprouts farmers market store	7
37067	average help desk technician pay san diego	7
37312	average hourly rate for central ohio lawn service	7
37318	average hourly rate for entry level business analyst	7
37658	average income for clinical medical technician in huntsville, al	7
52	 pneumo is a prefix meaning air. Knowing this, explain why this condition is called pneumothorax	8
130	). Puerto Rico says sick will head north without health-care fix	8
793	1981 Isuzu pup diesel average miles per gallon ?	8
814	1999 chevy suburban k2500 7.4l what to look for when buying	8
920	2006 GMC Yukon XL engine is off, but heater blower is still on	8
1279	3. how might a nitrogen-oxygen atmosphere on the moon affect the range of temperatures on the moon	8
1353	39 x 29 foundation crawlspace takes how many cinder blocks	8
1384	4 seasons tree service llc in breedsville michigan reviews on yelp	8
1577	61 km long and 3 km wide and average depth of 132m	8
1762	A bond is quoted as 6.5% coupon. The bondholder would receive _____ interest per year.	8
1778	A feature of most autumns in the northeastern united states is a period of mild sunny weather	8
1887	According to Jean, how much money should Jean and her friend save to spend on next year’s supplies?	8
1962	Although the Civil Rights Act of 1964 was the most comprehensive civil rights legislation ever considered it does not	8
1993	An infection that is spread by the blood or lymphatic system to large portions of the body is called:	8
2127	Average cost of having electricity run to a rural acreage for builing site	8
2158	BEETHOVEN Symphony No. 3 in E-flat major Eroica why is it called eroica 	8
2193	Based on the assigned readings, define “corporate welfare” and discuss its prevalence	8
2371	Calculate a long-run average cost curve for superconductors.	8
2412	Can you give an example of how a fibrous root system is used in woody plants and its benefits?	8
3049	Following the Supreme Court of the United States ruling on genetic testing, which of the following has been the largest driver of the increased amount of genes being tested for	8
3129	Gary made $6,975 working 25 hours a week for 18 weeks. How much did he earn per hour?	8
3333	Historians have often wondered why Mission San Jose was located as far east as it was	8
3526	How do you get a light colored machine oil out of a new cement patio	8
3618	How is it that the cells in different body tissues are able to perform different functions? quizlet	8
3827	How many hours does it take to get an undergraduate degree in accounting from Mercer University	8
3861	How many screws do you put in a 4 x 12 ft sheet of sheet rock?	8
4104	How much would it cost to drive from Chambersburg, PA to Ontario, Canada	8
4361	How would an increase in light intensity affect the carrying capacity of algae in a lake	8
4382	I am a molecular biologist who wants to become a computer programmer. how to become one? quora	8
4428	IE11 do you want to allow this website to open an app on your computer fix	8
4456	If Earth's remaining glaciers melt, how would the global sea level change?	8
4471	If a weather report gives the atmospheric pressure as 95.5 kPa, what is the pressure in torr	8
4490	If there are 710 mL of champagne in the bottle, how many milliliters of alcohol are present at 19%	8
4529	In a simplified model of a city, the zone where retail and office activities are clustered is the	8
4554	In the Stephen King and Peter Straub collaboration, 'Black House', the protagonist Jack Sawyer has a nickname which not only ties in with a place he has worked in but reflects his 'celebrity' status as a top (ex-)detective. What is this nickname?	8
4725	Jack drove at an average speed of 47.3 miles per hour for 2.5 hours. How far did he drive?	8
5195	My lap top says automatic repair then goes to blue screen	8
5399	Organizational leaders may use rewards to reduce new employees’ discomfort with immoral behaviors. This is called	8
5476	Pelvic inflammatory disease (PID) is an infection that is often caused by a sexually transmitted disease.	8
5663	Read the following two statements. Then, if possible, use the Law of Detachment to draw a conclusion.Driving is difficult if the weather is stormy.	8
6292	The powers granted to the national government in Articles I, II, and III of the Constitution are known as which of the following?	8
6301	The principle is 4096 rate is 12.5% time is 18 months find the compound interest	8
6304	The process in which information contained in RNA is used to manufacture proteins is called	8
6675	WHAT IS THE MAXIMUM HIEGHT RESTRICTION FOR BUILDING A HOME IN PONCE INLET, FL	8
7710	What is the theoretical yield of sodium chloride for the reaction of 36.0 g Na with 75.2 g Cl2?	8
7871	What was the Kansas-Nebraska Act? Why was it such a controversial measure? ap history	8
7953	When connecting to itunes store get a itunes has stopped working windows 7	8
7978	When does a new UPC need to be issued for a consumer electronics product when it changes	8
8206	Which eye disorder causes an opacity in the lens, which if left uncured, may blind you?	8
8265	Which of the following is an impact of increased ocean acidification as caused by global climate change	8
8305	Which process is catalyzed by rubisco during the light-independent reactions of photosynthesis? glycolysis	8
8332	Which two bones does the tendon of the long head of Biceps brachii run between?	8
8631	____ is a process by which organisms with characteristics suited to the environment will survive and reproduce.a.natural selectionc.evolutionb.artificial selectiond.organic evolution	8
8684	_____ is a project performance measurement technique that integrates scope, time, and cost data	8
8701	_____ is the ability of cardiac pacemaker cells to spontaneously initiate an electrical impulse without being stimulated from another source, such as a nerve.	8
8714	_____ is the name used to refer to the era of legalized segregation in the united states	8
8735	_____ refers to an outbreak of a disease occurring over a large geographic area, possibly worldwide.	8
8801	_______ is an art form involving taking animals or objects and giving them human shapes and/or qualities.	8
8807	_______ is the earliest known epic hero and he shares many traits with later epic heroes, such as the anglo-saxon hero beowulf.	8
8845	________ blocks aerobic metabolism by interfering with cell use of oxygen..	8
8848	________ connect sensory and motor neurons in neural pathways and their cell bodies are typically located in the central nervous system.	8
8854	________ disparity refers to the slightly different view of the world that each eye receives.cyclopeanbinocularmonoculartrichromatic	8
8860	________ is a lighting technique that uses deep gradations and subtle variations of lights and darks.	8
8926	________ uses radio signals to provide high-speed internet and network connections.	8
9007	___________ elevated the supreme court to a higher status, balancing the powers of the other branches.	8
9010	___________ is a picture that includes the full face or another feature with much detail.a.portraiturec.montageb.photo essayd.close up	8
9044	______________ is involved in voluntarily controlling muscles and is released during feelings of pleasure or reward.	8
9150	a car is moving at a constant velocity of 45 miles per hour	8
9168	a class of chemical compounds derived from vitamin a that are used in skin care	8
9278	a hypothetical disorder called G syndrome is an autosomal dominant disease characterized by visual	8
9424	a reflex that causes muscle relaxation and lengthening in response to muscle tension is called a ________.	8
10353	according to the five-factor model of personality people who score high in	8
12126	advocate obituary of mr harold broussard  sr new orleans la	8
13963	age one can make any amount without social security limits	8
15200	alberta land registry remove mortgage from title without spouse	8
15988	alternating periods of economic growth and contraction in real gdp define	8
17352	amount of time it takes to return work after double knee replacement	8
17565	an appropriate number of people for a problem-solving and decision-making group is	8
17598	an error occurred in the vulnerability protection manager to vulnerability protection agent protocol: sockettimeoutexception: read timed out.	8
17635	an increase of adh causes the kidneys to ________ the reabsorption of water, causing them to produce _______ urine.	8
19590	anybody know where to buy parts for an air sander made by milwaukee pneumatic?	8
20423	apush in what ways did the treaty of versailles embody wilson's fourteen points	8
20647	are 10 year olds allowed to stay home alone in NJ	8
20788	are all the super heroes movies out these last years based on Marvel Comics?	8
24952	are skin rashes and hives on abdomen and thighs related to yeast infections	8
25200	are supplemental insurance policy exclude pre-existing conditions?	8
25266	are tax credits applicable to short-term limited duration policies	8
25807	are there women's shoes that aren't tennis shoes that can be worn with an orthopedic ankle brace and tie	8
28681	at what gestation age would a fetal death be counted as a delivery history	8
30910	average amount spent on groceries per month for a family of 2 canada	8
32092	average cost for Canadian rehab hospitals semi-private.	8
33257	average cost of cement driveway per square foot in So.Cal	8
33501	average cost of electricity and water per month in new delhi	8
34750	average cost per bed for dormitories in southeastern united states	8
34767	average cost per day at venice, fl hosp. for open heart surgery	8
34854	average cost per square foot install formica on countertops	8
34876	average cost per square foot to build a new home	8
35506	average cost to replace standard gas hot water heater	8
35543	average cost to ship a small car to las vegas ,nv. FROM CHICAGO IL	8
40985	average price per square foot for concrete flat work	8
